+stream,http://plus.ce-lab.net/plus-stream/RSS
dankogai,http://blog.livedoor.jp/dankogai/index.rdf
ABA,http://d.hatena.ne.jp/ABA/rss
yossy,http://www.be-interactive.org/xml-rss2.php
ryo_katsuma,http://blog.katsuma.tv/index.xml
michiyasu_wada,http://blog.seyself.com/rss.xml
kuwata_chikara,http://return0.dyndns.org/log/rss.rdf
Klab,http://dsas.blog.klab.org/index.rdf
isuka,http://nikita.dnsalias.net/~isuka/index.cgi?mode=rss
flashrod,http://d.hatena.ne.jp/flashrod/rss
sato-shi,http://d.hatena.ne.jp/sato-shi/rss
gihyo.jp,http://rss.rssad.jp/rss/gihyo/dev/feed/rss2
authornari,http://d.hatena.ne.jp/authorNari/rss2
kawataso,http://d.kawataso.net/rss.xml
kenny,http://w-it.jp/kenny/index.xml
deepneko,http://deepneko.dyndns.org/rss
miscellaneous,http://yamasv.blog92.fc2.com/?xml
kzk_mover,http://kzk9.net/blog/index.xml
note.x,http://blog.r3c7.net/?feed=rss2
nyaxt,http://d.hatena.ne.jp/nyaxt/rss
MORITA_Hajime,http://steps.dodgson.org/index.rdf
TechTalk.jp,http://techtalk.jp/rss.xml
tueda_wolf,http://d.hatena.ne.jp/tueda_wolf/rss
Unknown_Quality,http://feeds.feedburner.jp/un-q
zeropointnine,http://www.zeropointnine.com/blog/feed/
zupko.info,http://blog.zupko.info/?feed=rss2
DK_alpha,http://d.hatena.ne.jp/DK_alpha/rss
isocchi,http://blog.isocchi.com/rss.xml
o_mega,http://d.hatena.ne.jp/o_mega/rss
hogelog,http://d.hatena.ne.jp/hogelog/rss
nitoyon,http://d.hatena.ne.jp/nitoyon/rss
higepon,http://d.hatena.ne.jp/higepon/rss
moni,http://tutinoko.org/blog/?feed=rss2
slashdot,http://slashdot.jp/slashdotjp.rss
tarotaro,http://blog.tarotaro.org/feed
FURUHASHI_Sadayuki,http://d.hatena.ne.jp/viver/rss2
